<?xml version="1.0" encoding="UTF-8"?>
<files>
  <file name="Jetpack Catride #Games #All.sb3" source="original">
    <mtime>1643157729</mtime>
    <size>8326636</size>
    <md5>11515fe62c17f24c39be5f12e95f2f78</md5>
    <crc32>7f5d16de</crc32>
    <sha1>b33fcb19b8baa0b3f04399a9b092260486463948</sha1>
    <format>Unknown</format>
    <viruscheck>1643158210</viruscheck>
  </file>
  <file name="jetpack-catride-games-all_archive.torrent" source="metadata">
    <btih>cbe414514085e7b8b2b9f09434d13303abef8920</btih>
    <mtime>1643686869</mtime>
    <size>2051</size>
    <md5>032ea33610e4384ed31cfdae07fb6736</md5>
    <crc32>e0156028</crc32>
    <sha1>009afc1e6e3e7e8e59588f68a55bc298a48805f2</sha1>
    <format>Archive BitTorrent</format>
  </file>
  <file name="jetpack-catride-games-all_files.xml" source="original">
    <format>Metadata</format>
    <md5>eac7022fc5935041c226d96f0783eda0</md5>
    <summation>md5</summation>
  </file>
  <file name="jetpack-catride-games-all_meta.sqlite" source="original">
    <mtime>1643157838</mtime>
    <size>20480</size>
    <md5>0762de2c0772aeaafef4487b549c53f1</md5>
    <crc32>fa8a340b</crc32>
    <sha1>694316deb6b2f4b0e45a4af795feb3a643e2b248</sha1>
    <format>Metadata</format>
  </file>
  <file name="jetpack-catride-games-all_meta.xml" source="original">
    <mtime>1643686867</mtime>
    <size>712</size>
    <md5>5cb5c0f3be4db74058bfe00c946f170a</md5>
    <crc32>d902762b</crc32>
    <sha1>eac860d3d5b9b2ed0c9adc327421177d585ba7cd</sha1>
    <format>Metadata</format>
  </file>
</files>
