<?xml version="1.0" encoding="UTF-8"?>
<metadata>
  <identifier>jetpack-catride-games-all</identifier>
  <mediatype>software</mediatype>
  <description>Jetpack Cartride Scratch Game&lt;br /&gt;</description>
  <scanner>Internet Archive HTML5 Uploader 1.6.4</scanner>
  <subject>Scratch</subject>
  <title>Jetpack Catride # Games # All</title>
  <subject>SB3</subject>
  <subject>Game</subject>
  <uploader>cheapcpps@gmail.com</uploader>
  <publicdate>2022-01-26 00:43:13</publicdate>
  <addeddate>2022-01-26 00:43:13</addeddate>
  <curation>[curator]validator@archive.org[/curator][date]20220126005010[/date][comment]checked for malware[/comment]</curation>
  <collection>scratcharchive</collection>
</metadata>
